{"dateTime": "2023-08-23 15:05:01.602975", "barrometricPressureMercury": "30.0497", "BPMUnits": "I", "barrometricPressureBars": "1.0176", "BPBUnits": "B", "airTemperature": "33.5", "ATUnits": "C", "waterTemperature": "", "WTUnits": "", "relativeHumidity": "39.6", "absoluteHumidity": "", "dewPoint": "17.8", "DPUnits": "C", "windDirectionTrue": "262.7", "WDTUnits": "T", "windDirectionMagnetic": "259.2", "WDMUnits": "M", "windSpeedKnots": "4.5", "WSKUnits": "N", "windSpeedMetersPerSecond": "2.3", "WSMPSUnits": "M", "checkSum": "6B"}